{
    "loss": [
        21070.2734375,
        20678.845703125,
        20360.431640625,
        19960.388671875,
        19642.296875,
        19311.017578125,
        18873.287109375,
        18426.423828125,
        18087.373046875,
        17701.5390625
    ],
    "root_mean_squared_error": [
        145.15603637695312,
        143.80140686035156,
        142.6899871826172,
        141.28123474121094,
        140.15097045898438,
        138.96408081054688,
        137.3800811767578,
        135.74395751953125,
        134.4893035888672,
        133.04713439941406
    ],
    "val_loss": [
        17803.02734375,
        18027.33203125,
        17446.837890625,
        18898.298828125,
        18416.1171875,
        11912.935546875,
        15058.9794921875,
        15172.029296875,
        17359.5234375,
        12723.0263671875
    ],
    "val_root_mean_squared_error": [
        133.427978515625,
        134.26589965820312,
        132.0864715576172,
        137.47108459472656,
        135.70599365234375,
        109.14639282226562,
        122.71503448486328,
        123.17479705810547,
        131.7555389404297,
        112.79639434814453
    ]
}