{
    "loss": [
        19378.384765625
    ],
    "root_mean_squared_error": [
        139.20626831054688
    ],
    "val_loss": [
        17709.359375
    ],
    "val_root_mean_squared_error": [
        133.07652282714844
    ]
}